{
  "pick-place-v3": {
    "seed_0": {
      "steps": [
        10000,
        20000,
        30000,
        40000,
        50000,
        60000,
        70000,
        80000,
        90000,
        100000,
        110000,
        120000,
        130000,
        140000,
        150000,
        160000,
        170000,
        180000,
        190000,
        200000,
        210000,
        220000,
        230000,
        240000,
        250000,
        260000,
        270000,
        280000,
        290000,
        300000
      ],
      "spearman": [
        -0.046849283139035074,
        -0.04653035748203952,
        0.04238144891956504,
        0.007398370064883046,
        0.07243062313600267,
        0.06808810025863332,
        0.08293742181477934,
        -0.1072676169656731,
        0.08027558652036484,
        0.18930389435390108,
        -0.183876639768108,
        0.05702106309055005,
        0.04872484055336416,
        -0.008208811349390612,
        -0.0341412235465401,
        0.031172785821118633,
        0.14053758820259232,
        0.16941011292190228,
        0.09455013735619289,
        0.29773570172193764,
        0.2454442599846363,
        0.2273422997718107,
        0.21350843849955706,
        0.143353292355656,
        0.11901283949006844,
        0.023317161383737756,
        -0.033136767551708315,
        0.10342718902002031,
        0.08015705985271336,
        0.2004716113969018
      ],
      "pearson": [
        -0.01024643176551206,
        -0.013604537424276508,
        0.027925104672501835,
        0.003109232657323231,
        0.06669979424710376,
        0.0351522670502377,
        0.07592491094504512,
        0.014892543693880256,
        0.038783582820896986,
        0.15340961006203274,
        -0.15021785885799616,
        0.03862026512755122,
        0.2163755621555607,
        0.1585770188657813,
        0.12946497577675362,
        0.10718390341209208,
        0.2098424126278339,
        0.08601765676922657,
        0.011470823269224308,
        0.0533395634221385,
        0.027519120498372466,
        0.036390804386672554,
        0.022767404871686447,
        0.017115107147772788,
        0.01330046743191366,
        -0.011983992798236483,
        0.0026826016205461264,
        0.026348943472610964,
        0.021101281881357938,
        0.025309643606705505
      ]
    },
    "seed_1": {
      "steps": [
        10000,
        20000,
        30000,
        40000,
        50000,
        60000,
        70000,
        80000,
        90000,
        100000,
        110000,
        120000,
        130000,
        140000,
        150000,
        160000,
        170000,
        180000,
        190000,
        200000,
        210000,
        220000,
        230000,
        240000,
        250000,
        260000,
        270000,
        280000,
        290000,
        300000
      ],
      "spearman": [
        0.05500596032311094,
        -0.03673021970239637,
        -0.030044858791692327,
        0.001751005933252977,
        0.12517067826701098,
        0.13975598458000457,
        0.23559355066767598,
        0.24379022359033556,
        0.18205438741098615,
        0.22155782956138223,
        0.28491395484767934,
        0.2107859941094459,
        0.11931474502089669,
        0.19327339257629833,
        0.25205508316579894,
        0.19139854241372498,
        0.14066829929365035,
        0.10332553530410979,
        0.06540119597873285,
        0.13192802513905955,
        0.014133696785586016,
        -0.04504713933205528,
        -0.0196725930361386,
        -0.0962665681178814,
        0.06614204425845753,
        -0.1506886157608203,
        -0.26463879187614336,
        -0.30473405357118605,
        -0.2656676522997418,
        -0.21439083502225975
      ],
      "pearson": [
        0.033455290971815814,
        0.03824580307385553,
        0.0784796064297625,
        0.108364133091371,
        0.19930915453899933,
        0.21515245255163234,
        0.32197432649384006,
        0.2809574790768645,
        0.014083425978142739,
        0.08632706321467093,
        0.27126172646913344,
        0.16969425004578004,
        0.14997619465760983,
        0.21123144055486365,
        0.19607635538802856,
        0.15263417133862855,
        0.09880209887018399,
        0.20793596941526957,
        0.20612767507322832,
        0.14229567368634638,
        0.23849015841128662,
        0.016170327138278425,
        0.1540943714894259,
        0.1505827033891314,
        0.13312624234138193,
        0.040409092800447084,
        0.06189400402338714,
        0.030989082540740127,
        0.13995770141985978,
        0.08923970470182349
      ]
    }
  },
  "reach-v3": {
    "seed_0": {
      "steps": [
        10000,
        20000,
        30000,
        40000,
        50000,
        60000,
        70000,
        80000,
        90000,
        100000
      ],
      "spearman": [
        0.02903345843235996,
        0.14582888540052638,
        0.15933177837680343,
        -0.07210211566969735,
        0.38108129910401756,
        0.5741438531809495,
        0.393960218422652,
        0.1514993765838657,
        -0.09325526191438205,
        -0.11547558619359752
      ],
      "pearson": [
        0.22648356387360574,
        0.27828872054409515,
        0.19952763304748056,
        0.16660580909492978,
        0.5279445735811262,
        0.5523585105475519,
        0.36187760006439657,
        0.06939065461227106,
        -0.04380616635074903,
        -0.12902586244667036
      ]
    },
    "seed_1": {
      "steps": [
        10000,
        20000,
        30000,
        40000,
        50000,
        60000,
        70000,
        80000,
        90000,
        100000
      ],
      "spearman": [
        -0.04979577526763804,
        -0.029208901356665318,
        -0.10585280773109039,
        0.0027733827220011186,
        0.09867744674775085,
        -0.09106401310060298,
        0.045165253444968245,
        0.2843182204902689,
        0.6543019309618721,
        0.4450915282184785
      ],
      "pearson": [
        -0.060816701868675035,
        0.042862706576275805,
        0.07228307359676715,
        -0.015596957497865879,
        0.17259155771922188,
        0.06151451497795992,
        0.16037897555532804,
        0.5207547185997222,
        0.5085432868696015,
        0.20784622654670692
      ]
    }
  }
}