{
  "pick-place-v3": {
    "seed_0": {
      "steps": [
        10000,
        20000,
        30000,
        40000,
        50000,
        60000,
        70000,
        80000,
        90000,
        100000
      ],
      "spearman": [
        -0.046849283139035074,
        -0.04653035748203952,
        0.04238144891956504,
        0.007398370064883046,
        0.07243062313600267,
        0.06808810025863332,
        0.08293742181477934,
        -0.1072676169656731,
        0.08027558652036484,
        0.18930389435390108
      ],
      "pearson": [
        -0.01024643176551206,
        -0.013604537424276508,
        0.027925104672501835,
        0.003109232657323231,
        0.06669979424710376,
        0.0351522670502377,
        0.07592491094504512,
        0.014892543693880256,
        0.038783582820896986,
        0.15340961006203274
      ]
    },
    "seed_1": {
      "steps": [
        10000,
        20000,
        30000,
        40000,
        50000,
        60000,
        70000,
        80000,
        90000,
        100000
      ],
      "spearman": [
        0.05500596032311094,
        -0.03673021970239637,
        -0.030044858791692327,
        0.001751005933252977,
        0.12517067826701098,
        0.13975598458000457,
        0.23559355066767598,
        0.24379022359033556,
        0.18205438741098615,
        0.22155782956138223
      ],
      "pearson": [
        0.033455290971815814,
        0.03824580307385553,
        0.0784796064297625,
        0.108364133091371,
        0.19930915453899933,
        0.21515245255163234,
        0.32197432649384006,
        0.2809574790768645,
        0.014083425978142739,
        0.08632706321467093
      ]
    }
  },
  "reach-v3": {
    "seed_0": {
      "steps": [
        10000,
        20000,
        30000,
        40000,
        50000,
        60000,
        70000,
        80000,
        90000,
        100000
      ],
      "spearman": [
        0.02903345843235996,
        0.14582888540052638,
        0.15933177837680343,
        -0.07210211566969735,
        0.38108129910401756,
        0.5741438531809495,
        0.393960218422652,
        0.1514993765838657,
        -0.09325526191438205,
        -0.11547558619359752
      ],
      "pearson": [
        0.22648356387360574,
        0.27828872054409515,
        0.19952763304748056,
        0.16660580909492978,
        0.5279445735811262,
        0.5523585105475519,
        0.36187760006439657,
        0.06939065461227106,
        -0.04380616635074903,
        -0.12902586244667036
      ]
    },
    "seed_1": {
      "steps": [
        10000,
        20000,
        30000,
        40000,
        50000,
        60000,
        70000,
        80000,
        90000,
        100000
      ],
      "spearman": [
        -0.04979577526763804,
        -0.029208901356665318,
        -0.10585280773109039,
        0.0027733827220011186,
        0.09867744674775085,
        -0.09106401310060298,
        0.045165253444968245,
        0.2843182204902689,
        0.6543019309618721,
        0.4450915282184785
      ],
      "pearson": [
        -0.060816701868675035,
        0.042862706576275805,
        0.07228307359676715,
        -0.015596957497865879,
        0.17259155771922188,
        0.06151451497795992,
        0.16037897555532804,
        0.5207547185997222,
        0.5085432868696015,
        0.20784622654670692
      ]
    }
  }
}