{
  "reach-v3": {
    "steps": [
      10000,
      20000,
      30000,
      40000,
      50000,
      60000,
      70000,
      80000,
      90000,
      100000
    ],
    "spearman": [
      -0.04979577526763804,
      -0.029208901356665318,
      -0.10585280773109039,
      0.0027733827220011186,
      0.09867744674775085,
      -0.09106401310060298,
      0.045165253444968245,
      0.2843182204902689,
      0.6543019309618721,
      0.4450915282184785
    ],
    "pearson": [
      -0.060816701868675035,
      0.042862706576275805,
      0.07228307359676715,
      -0.015596957497865879,
      0.17259155771922188,
      0.06151451497795992,
      0.16037897555532804,
      0.5207547185997222,
      0.5085432868696015,
      0.20784622654670692
    ]
  },
  "pick-place-v3": {
    "steps": [
      10000,
      20000,
      30000,
      40000,
      50000,
      60000,
      70000,
      80000,
      90000,
      100000
    ],
    "spearman": [
      0.05500596032311094,
      -0.03673021970239637,
      -0.030044858791692327,
      0.001751005933252977,
      0.12517067826701098,
      0.13975598458000457,
      0.23559355066767598,
      0.24379022359033556,
      0.18205438741098615,
      0.22155782956138223
    ],
    "pearson": [
      0.033455290971815814,
      0.03824580307385553,
      0.0784796064297625,
      0.108364133091371,
      0.19930915453899933,
      0.21515245255163234,
      0.32197432649384006,
      0.2809574790768645,
      0.014083425978142739,
      0.08632706321467093
    ]
  }
}